,Manufacturing_Value,Month_year
0,12.1,01-1913
1,12.0,02-1913
2,12.0,03-1913
3,12.0,04-1913
4,11.9,05-1913
5,11.9,06-1913
6,12.0,07-1913
7,12.0,08-1913
8,12.2,09-1913
9,12.2,10-1913
10,12.1,11-1913
11,11.9,12-1913
12,11.8,01-1914
13,11.8,02-1914
14,11.7,03-1914
15,11.7,04-1914
16,11.6,05-1914
17,11.6,06-1914
18,11.6,07-1914
19,12.0,08-1914
20,12.1,09-1914
21,11.7,10-1914
22,11.7,11-1914
23,11.6,12-1914
24,11.8,01-1915
25,11.8,02-1915
26,11.8,03-1915
27,11.8,04-1915
28,11.9,05-1915
29,11.8,06-1915
30,11.9,07-1915
31,11.8,08-1915
32,11.8,09-1915
33,12.1,10-1915
34,12.3,11-1915
35,12.8,12-1915
36,13.3,01-1916
37,13.5,02-1916
38,13.9,03-1916
39,14.1,04-1916
40,14.2,05-1916
41,14.3,06-1916
42,14.4,07-1916
43,14.7,08-1916
44,15.0,09-1916
45,15.7,10-1916
46,16.8,11-1916
47,17.1,12-1916
48,17.6,01-1917
49,18.0,02-1917
50,18.5,03-1917
51,19.7,04-1917
52,20.8,05-1917
53,21.0,06-1917
54,21.2,07-1917
55,21.5,08-1917
56,21.3,09-1917
57,21.1,10-1917
58,21.2,11-1917
59,21.2,12-1917
60,21.6,01-1918
61,21.1,02-1918
62,21.8,03-1918
63,22.1,04-1918
64,22.1,05-1918
65,22.2,06-1918
66,22.7,07-1918
67,23.2,08-1918
68,23.7,09-1918
69,23.5,10-1918
70,23.5,11-1918
71,23.5,12-1918
72,23.2,01-1919
73,22.4,02-1919
74,22.6,03-1919
75,22.9,04-1919
76,23.3,05-1919
77,23.4,06-1919
78,24.3,07-1919
79,24.9,08-1919
80,24.3,09-1919
81,24.4,10-1919
82,24.9,11-1919
83,26.0,12-1919
84,27.2,01-1920
85,27.1,02-1920
86,27.3,03-1920
87,28.5,04-1920
88,28.8,05-1920
89,28.7,06-1920
90,28.6,07-1920
91,27.8,08-1920
92,26.8,09-1920
93,24.9,10-1920
94,23.0,11-1920
95,20.8,12-1920
96,19.6,01-1921
97,18.1,02-1921
98,17.7,03-1921
99,17.0,04-1921
100,16.6,05-1921
101,16.1,06-1921
102,16.1,07-1921
103,16.1,08-1921
104,16.1,09-1921
105,16.2,10-1921
106,16.2,11-1921
107,16.0,12-1921
108,15.7,01-1922
109,16.0,02-1922
110,16.0,03-1922
111,16.1,04-1922
112,16.6,05-1922
113,16.6,06-1922
114,17.1,07-1922
115,17.0,08-1922
116,17.1,09-1922
117,17.2,10-1922
118,17.3,11-1922
119,17.3,12-1922
120,17.6,01-1923
121,17.8,02-1923
122,18.0,03-1923
123,17.9,04-1923
124,17.5,05-1923
125,17.3,06-1923
126,17.0,07-1923
127,16.9,08-1923
128,17.2,09-1923
129,17.1,10-1923
130,17.0,11-1923
131,16.9,12-1923
132,17.2,01-1924
133,17.2,02-1924
134,17.0,03-1924
135,16.7,04-1924
136,16.5,05-1924
137,16.4,06-1924
138,16.5,07-1924
139,16.7,08-1924
140,16.7,09-1924
141,16.9,10-1924
142,17.1,11-1924
143,17.5,12-1924
144,17.7,01-1925
145,17.9,02-1925
146,17.9,03-1925
147,17.5,04-1925
148,17.5,05-1925
149,17.7,06-1925
150,18.0,07-1925
151,17.9,08-1925
152,17.8,09-1925
153,17.8,10-1925
154,18.0,11-1925
155,17.8,12-1925
156,17.8,01-1926
157,17.6,02-1926
158,17.3,03-1926
159,17.3,04-1926
160,17.3,05-1926
161,17.3,06-1926
162,17.1,07-1926
163,17.1,08-1926
164,17.2,09-1926
165,17.1,10-1926
166,17.0,11-1926
167,16.9,12-1926
168,16.4,01-1927
169,16.6,02-1927
170,16.5,03-1927
171,16.3,04-1927
172,16.2,05-1927
173,16.2,06-1927
174,16.2,07-1927
175,16.4,08-1927
176,16.6,09-1927
177,16.7,10-1927
178,16.6,11-1927
179,16.6,12-1927
180,16.6,01-1928
181,16.5,02-1928
182,16.5,03-1928
183,16.7,04-1928
184,16.8,05-1928
185,16.7,06-1928
186,16.8,07-1928
187,16.8,08-1928
188,17.0,09-1928
189,16.7,10-1928
190,16.5,11-1928
191,16.5,12-1928
192,16.5,01-1929
193,16.4,02-1929
194,16.6,03-1929
195,16.5,04-1929
196,16.3,05-1929
197,16.4,06-1929
198,16.6,07-1929
199,16.6,08-1929
200,16.6,09-1929
201,16.4,10-1929
202,16.1,11-1929
203,16.1,12-1929
204,15.9,01-1930
205,15.7,02-1930
206,15.5,03-1930
207,15.5,04-1930
208,15.3,05-1930
209,15.0,06-1930
210,14.5,07-1930
211,14.5,08-1930
212,14.5,09-1930
213,14.3,10-1930
214,14.0,11-1930
215,13.7,12-1930
216,13.5,01-1931
217,13.2,02-1931
218,13.1,03-1931
219,12.9,04-1931
220,12.6,05-1931
221,12.4,06-1931
222,12.4,07-1931
223,12.4,08-1931
224,12.3,09-1931
225,12.1,10-1931
226,12.1,11-1931
227,11.8,12-1931
228,11.6,01-1932
229,11.4,02-1932
230,11.4,03-1932
231,11.3,04-1932
232,11.1,05-1932
233,11.0,06-1932
234,11.1,07-1932
235,11.2,08-1932
236,11.3,09-1932
237,11.1,10-1932
238,11.0,11-1932
239,10.8,12-1932
240,10.5,01-1933
241,10.3,02-1933
242,10.4,03-1933
243,10.4,04-1933
244,10.8,05-1933
245,11.2,06-1933
246,11.9,07-1933
247,12.0,08-1933
248,12.2,09-1933
249,12.3,10-1933
250,12.3,11-1933
251,12.2,12-1933
252,12.4,01-1934
253,12.7,02-1934
254,12.7,03-1934
255,12.7,04-1934
256,12.7,05-1934
257,12.9,06-1934
258,12.9,07-1934
259,13.2,08-1934
260,13.4,09-1934
261,13.2,10-1934
262,13.2,11-1934
263,13.3,12-1934
264,13.6,01-1935
265,13.7,02-1935
266,13.7,03-1935
267,13.8,04-1935
268,13.8,05-1935
269,13.8,06-1935
270,13.7,07-1935
271,13.9,08-1935
272,13.9,09-1935
273,13.9,10-1935
274,13.9,11-1935
275,14.0,12-1935
276,13.9,01-1936
277,13.9,02-1936
278,13.7,03-1936
279,13.7,04-1936
280,13.5,05-1936
281,13.7,06-1936
282,13.9,07-1936
283,14.0,08-1936
284,14.0,09-1936
285,14.0,10-1936
286,14.2,11-1936
287,14.5,12-1936
288,14.8,01-1937
289,14.9,02-1937
290,15.1,03-1937
291,15.2,04-1937
292,15.1,05-1937
293,15.0,06-1937
294,15.2,07-1937
295,15.1,08-1937
296,15.1,09-1937
297,14.7,10-1937
298,14.4,11-1937
299,14.1,12-1937
300,14.0,01-1938
301,13.8,02-1938
302,13.7,03-1938
303,13.5,04-1938
304,13.5,05-1938
305,13.5,06-1938
306,13.6,07-1938
307,13.4,08-1938
308,13.5,09-1938
309,13.4,10-1938
310,13.4,11-1938
311,13.3,12-1938
312,13.3,01-1939
313,13.3,02-1939
314,13.2,03-1939
315,13.1,04-1939
316,13.1,05-1939
317,13.0,06-1939
318,13.0,07-1939
319,12.9,08-1939
320,13.6,09-1939
321,13.7,10-1939
322,13.6,11-1939
323,13.7,12-1939
324,13.7,01-1940
325,13.6,02-1940
326,13.5,03-1940
327,13.5,04-1940
328,13.5,05-1940
329,13.4,06-1940
330,13.4,07-1940
331,13.4,08-1940
332,13.4,09-1940
333,13.6,10-1940
334,13.7,11-1940
335,13.8,12-1940
336,13.9,01-1941
337,13.9,02-1941
338,14.0,03-1941
339,14.4,04-1941
340,14.6,05-1941
341,15.0,06-1941
342,15.3,07-1941
343,15.6,08-1941
344,15.8,09-1941
345,15.9,10-1941
346,15.9,11-1941
347,16.2,12-1941
348,16.5,01-1942
349,16.7,02-1942
350,16.8,03-1942
351,17.0,04-1942
352,17.0,05-1942
353,17.0,06-1942
354,17.0,07-1942
355,17.1,08-1942
356,17.2,09-1942
357,17.2,10-1942
358,17.3,11-1942
359,17.4,12-1942
360,17.5,01-1943
361,17.7,02-1943
362,17.8,03-1943
363,17.9,04-1943
364,17.9,05-1943
365,17.9,06-1943
366,17.8,07-1943
367,17.8,08-1943
368,17.8,09-1943
369,17.8,10-1943
370,17.7,11-1943
371,17.8,12-1943
372,17.8,01-1944
373,17.8,02-1944
374,17.9,03-1944
375,17.9,04-1944
376,17.9,05-1944
377,18.0,06-1944
378,17.9,07-1944
379,17.9,08-1944
380,17.9,09-1944
381,17.9,10-1944
382,18.0,11-1944
383,18.0,12-1944
384,18.1,01-1945
385,18.1,02-1945
386,18.1,03-1945
387,18.2,04-1945
388,18.3,05-1945
389,18.3,06-1945
390,18.3,07-1945
391,18.2,08-1945
392,18.1,09-1945
393,18.2,10-1945
394,18.4,11-1945
395,18.4,12-1945
396,18.4,01-1946
397,18.5,02-1946
398,18.8,03-1946
399,19.0,04-1946
400,19.1,05-1946
401,19.4,06-1946
402,21.5,07-1946
403,22.2,08-1946
404,21.4,09-1946
405,23.1,10-1946
406,24.1,11-1946
407,24.3,12-1946
408,24.5,01-1947
409,24.7,02-1947
410,25.3,03-1947
411,25.1,04-1947
412,25.0,05-1947
413,25.0,06-1947
414,25.3,07-1947
415,25.6,08-1947
416,26.1,09-1947
417,26.4,10-1947
418,26.7,11-1947
419,27.2,12-1947
420,27.7,01-1948
421,27.2,02-1948
422,27.2,03-1948
423,27.4,04-1948
424,27.5,05-1948
425,27.7,06-1948
426,28.0,07-1948
427,28.2,08-1948
428,28.1,09-1948
429,27.8,10-1948
430,27.8,11-1948
431,27.6,12-1948
432,27.3,01-1949
433,26.8,02-1949
434,26.8,03-1949
435,26.5,04-1949
436,26.3,05-1949
437,26.0,06-1949
438,26.0,07-1949
439,26.0,08-1949
440,26.1,09-1949
441,26.0,10-1949
442,26.0,11-1949
443,25.9,12-1949
444,25.9,01-1950
445,26.1,02-1950
446,26.1,03-1950
447,26.1,04-1950
448,26.4,05-1950
449,26.6,06-1950
450,27.3,07-1950
451,27.9,08-1950
452,28.4,09-1950
453,28.6,10-1950
454,29.0,11-1950
455,29.7,12-1950
456,30.5,01-1951
457,30.9,02-1951
458,30.9,03-1951
459,30.8,04-1951
460,30.7,05-1951
461,30.5,06-1951
462,30.3,07-1951
463,30.1,08-1951
464,30.1,09-1951
465,30.1,10-1951
466,30.1,11-1951
467,30.1,12-1951
468,30.0,01-1952
469,29.8,02-1952
470,29.8,03-1952
471,29.6,04-1952
472,29.6,05-1952
473,29.5,06-1952
474,29.6,07-1952
475,29.8,08-1952
476,29.6,09-1952
477,29.5,10-1952
478,29.3,11-1952
479,29.1,12-1952
480,29.1,01-1953
481,29.1,02-1953
482,29.2,03-1953
483,29.0,04-1953
484,29.1,05-1953
485,29.0,06-1953
486,29.4,07-1953
487,29.3,08-1953
488,29.4,09-1953
489,29.2,10-1953
490,29.1,11-1953
491,29.2,12-1953
492,29.4,01-1954
493,29.3,02-1954
494,29.3,03-1954
495,29.4,04-1954
496,29.4,05-1954
497,29.2,06-1954
498,29.3,07-1954
499,29.3,08-1954
500,29.2,09-1954
501,29.1,10-1954
502,29.2,11-1954
503,29.0,12-1954
504,29.2,01-1955
505,29.3,02-1955
506,29.2,03-1955
507,29.3,04-1955
508,29.1,05-1955
509,29.3,06-1955
510,29.3,07-1955
511,29.4,08-1955
512,29.6,09-1955
513,29.6,10-1955
514,29.5,11-1955
515,29.5,12-1955
516,29.7,01-1956
517,29.8,02-1956
518,29.9,03-1956
519,30.1,04-1956
520,30.3,05-1956
521,30.3,06-1956
522,30.2,07-1956
523,30.4,08-1956
524,30.6,09-1956
525,30.6,10-1956
526,30.7,11-1956
527,30.8,12-1956
528,31.0,01-1957
529,31.0,02-1957
530,31.0,03-1957
531,31.1,04-1957
532,31.0,05-1957
533,31.1,06-1957
534,31.3,07-1957
535,31.4,08-1957
536,31.3,09-1957
537,31.2,10-1957
538,31.3,11-1957
539,31.4,12-1957
540,31.5,01-1958
541,31.5,02-1958
542,31.7,03-1958
543,31.6,04-1958
544,31.7,05-1958
545,31.6,06-1958
546,31.6,07-1958
547,31.6,08-1958
548,31.6,09-1958
549,31.5,10-1958
550,31.6,11-1958
551,31.6,12-1958
552,31.7,01-1959
553,31.7,02-1959
554,31.7,03-1959
555,31.8,04-1959
556,31.8,05-1959
557,31.7,06-1959
558,31.7,07-1959
559,31.6,08-1959
560,31.7,09-1959
561,31.6,10-1959
562,31.5,11-1959
563,31.5,12-1959
564,31.6,01-1960
565,31.6,02-1960
566,31.8,03-1960
567,31.8,04-1960
568,31.7,05-1960
569,31.7,06-1960
570,31.7,07-1960
571,31.6,08-1960
572,31.6,09-1960
573,31.7,10-1960
574,31.7,11-1960
575,31.7,12-1960
576,31.8,01-1961
577,31.8,02-1961
578,31.8,03-1961
579,31.6,04-1961
580,31.5,05-1961
581,31.3,06-1961
582,31.5,07-1961
583,31.5,08-1961
584,31.5,09-1961
585,31.5,10-1961
586,31.5,11-1961
587,31.6,12-1961
588,31.7,01-1962
589,31.7,02-1962
590,31.7,03-1962
591,31.6,04-1962
592,31.5,05-1962
593,31.5,06-1962
594,31.6,07-1962
595,31.6,08-1962
596,31.9,09-1962
597,31.7,10-1962
598,31.7,11-1962
599,31.6,12-1962
600,31.6,01-1963
601,31.5,02-1963
602,31.5,03-1963
603,31.4,04-1963
604,31.5,05-1963
605,31.6,06-1963
606,31.7,07-1963
607,31.6,08-1963
608,31.6,09-1963
609,31.6,10-1963
610,31.7,11-1963
611,31.6,12-1963
612,31.8,01-1964
613,31.6,02-1964
614,31.6,03-1964
615,31.6,04-1964
616,31.5,05-1964
617,31.5,06-1964
618,31.6,07-1964
619,31.6,08-1964
620,31.7,09-1964
621,31.7,10-1964
622,31.7,11-1964
623,31.7,12-1964
624,31.8,01-1965
625,31.9,02-1965
626,31.9,03-1965
627,32.0,04-1965
628,32.1,05-1965
629,32.4,06-1965
630,32.4,07-1965
631,32.4,08-1965
632,32.4,09-1965
633,32.5,10-1965
634,32.6,11-1965
635,32.8,12-1965
636,32.9,01-1966
637,33.2,02-1966
638,33.2,03-1966
639,33.2,04-1966
640,33.2,05-1966
641,33.3,06-1966
642,33.5,07-1966
643,33.6,08-1966
644,33.6,09-1966
645,33.4,10-1966
646,33.3,11-1966
647,33.3,12-1966
648,33.4,01-1967
649,33.4,02-1967
650,33.3,03-1967
651,33.1,04-1967
652,33.3,05-1967
653,33.5,06-1967
654,33.5,07-1967
655,33.4,08-1967
656,33.4,09-1967
657,33.4,10-1967
658,33.4,11-1967
659,33.7,12-1967
660,33.8,01-1968
661,34.0,02-1968
662,34.1,03-1968
663,34.1,04-1968
664,34.2,05-1968
665,34.2,06-1968
666,34.3,07-1968
667,34.2,08-1968
668,34.4,09-1968
669,34.4,10-1968
670,34.5,11-1968
671,34.6,12-1968
672,34.8,01-1969
673,35.0,02-1969
674,35.2,03-1969
675,35.3,04-1969
676,35.5,05-1969
677,35.7,06-1969
678,35.8,07-1969
679,35.7,08-1969
680,35.8,09-1969
681,35.9,10-1969
682,36.1,11-1969
683,36.3,12-1969
684,36.5,01-1970
685,36.7,02-1970
686,36.7,03-1970
687,36.8,04-1970
688,36.8,05-1970
689,36.9,06-1970
690,37.1,07-1970
691,36.9,08-1970
692,37.1,09-1970
693,37.1,10-1970
694,37.1,11-1970
695,37.1,12-1970
696,37.3,01-1971
697,37.7,02-1971
698,37.8,03-1971
699,37.9,04-1971
700,38.1,05-1971
701,38.2,06-1971
702,38.3,07-1971
703,38.5,08-1971
704,38.3,09-1971
705,38.3,10-1971
706,38.3,11-1971
707,38.6,12-1971
708,38.8,01-1972
709,39.2,02-1972
710,39.2,03-1972
711,39.3,04-1972
712,39.5,05-1972
713,39.7,06-1972
714,40.0,07-1972
715,40.1,08-1972
716,40.2,09-1972
717,40.1,10-1972
718,40.3,11-1972
719,41.1,12-1972
720,41.6,01-1973
721,42.4,02-1973
722,43.4,03-1973
723,43.6,04-1973
724,44.5,05-1973
725,45.5,06-1973
726,44.9,07-1973
727,47.5,08-1973
728,46.7,09-1973
729,46.3,10-1973
730,46.5,11-1973
731,47.4,12-1973
732,49.0,01-1974
733,50.0,02-1974
734,50.6,03-1974
735,51.0,04-1974
736,51.8,05-1974
737,52.0,06-1974
738,54.0,07-1974
739,55.9,08-1974
740,55.9,09-1974
741,56.9,10-1974
742,57.4,11-1974
743,57.3,12-1974
744,57.4,01-1975
745,57.2,02-1975
746,56.9,03-1975
747,57.5,04-1975
748,57.9,05-1975
749,58.0,06-1975
750,58.7,07-1975
751,59.0,08-1975
752,59.4,09-1975
753,59.8,10-1975
754,59.5,11-1975
755,59.7,12-1975
756,59.9,01-1976
757,59.9,02-1976
758,60.0,03-1976
759,60.6,04-1976
760,60.8,05-1976
761,61.2,06-1976
762,61.6,07-1976
763,61.4,08-1976
764,61.8,09-1976
765,61.9,10-1976
766,62.0,11-1976
767,62.5,12-1976
768,62.8,01-1977
769,63.5,02-1977
770,64.1,03-1977
771,64.9,04-1977
772,65.2,05-1977
773,65.0,06-1977
774,65.1,07-1977
775,65.0,08-1977
776,65.3,09-1977
777,65.6,10-1977
778,65.8,11-1977
779,66.2,12-1977
780,66.8,01-1978
781,67.5,02-1978
782,68.1,03-1978
783,69.0,04-1978
784,69.5,05-1978
785,70.0,06-1978
786,70.4,07-1978
787,70.4,08-1978
788,71.0,09-1978
789,71.8,10-1978
790,72.1,11-1978
791,72.7,12-1978
792,73.8,01-1979
793,74.9,02-1979
794,75.8,03-1979
795,76.9,04-1979
796,77.5,05-1979
797,78.0,06-1979
798,79.2,07-1979
799,79.6,08-1979
800,80.9,09-1979
801,82.1,10-1979
802,82.6,11-1979
803,83.4,12-1979
804,85.2,01-1980
805,86.9,02-1980
806,87.5,03-1980
807,87.8,04-1980
808,88.3,05-1980
809,88.7,06-1980
810,90.3,07-1980
811,91.5,08-1980
812,91.7,09-1980
813,92.8,10-1980
814,93.2,11-1980
815,93.8,12-1980
816,95.2,01-1981
817,96.1,02-1981
818,97.0,03-1981
819,98.0,04-1981
820,98.3,05-1981
821,98.5,06-1981
822,99.0,07-1981
823,99.0,08-1981
824,98.8,09-1981
825,98.9,10-1981
826,98.8,11-1981
827,98.8,12-1981
828,99.7,01-1982
829,99.8,02-1982
830,99.6,03-1982
831,99.6,04-1982
832,99.8,05-1982
833,100.0,06-1982
834,100.4,07-1982
835,100.3,08-1982
836,100.0,09-1982
837,100.2,10-1982
838,100.3,11-1982
839,100.5,12-1982
840,100.2,01-1983
841,100.5,02-1983
842,100.4,03-1983
843,100.4,04-1983
844,100.8,05-1983
845,101.0,06-1983
846,101.3,07-1983
847,101.8,08-1983
848,102.0,09-1983
849,102.2,10-1983
850,102.1,11-1983
851,102.3,12-1983
852,102.9,01-1984
853,103.2,02-1984
854,103.9,03-1984
855,104.0,04-1984
856,104.1,05-1984
857,104.0,06-1984
858,104.2,07-1984
859,103.8,08-1984
860,103.4,09-1984
861,103.4,10-1984
862,103.7,11-1984
863,103.5,12-1984
864,103.4,01-1985
865,103.3,02-1985
866,103.1,03-1985
867,103.3,04-1985
868,103.5,05-1985
869,103.3,06-1985
870,103.2,07-1985
871,102.7,08-1985
872,102.1,09-1985
873,102.9,10-1985
874,103.4,11-1985
875,103.6,12-1985
876,103.2,01-1986
877,101.7,02-1986
878,100.3,03-1986
879,99.6,04-1986
880,100.0,05-1986
881,99.9,06-1986
882,99.4,07-1986
883,99.3,08-1986
884,99.4,09-1986
885,99.7,10-1986
886,99.8,11-1986
887,99.7,12-1986
888,100.5,01-1987
889,101.0,02-1987
890,101.2,03-1987
891,101.9,04-1987
892,102.6,05-1987
893,103.0,06-1987
894,103.5,07-1987
895,103.8,08-1987
896,103.7,09-1987
897,104.1,10-1987
898,104.2,11-1987
899,104.2,12-1987
900,104.6,01-1988
901,104.8,02-1988
902,104.9,03-1988
903,105.8,04-1988
904,106.5,05-1988
905,107.2,06-1988
906,107.9,07-1988
907,108.0,08-1988
908,108.1,09-1988
909,108.2,10-1988
910,108.3,11-1988
911,109.0,12-1988
912,110.5,01-1989
913,110.8,02-1989
914,111.5,03-1989
915,112.3,04-1989
916,113.2,05-1989
917,112.9,06-1989
918,112.8,07-1989
919,112.0,08-1989
920,112.4,09-1989
921,112.8,10-1989
922,112.7,11-1989
923,113.0,12-1989
924,114.9,01-1990
925,114.4,02-1990
926,114.2,03-1990
927,114.1,04-1990
928,114.6,05-1990
929,114.3,06-1990
930,114.5,07-1990
931,116.5,08-1990
932,118.4,09-1990
933,120.8,10-1990
934,120.1,11-1990
935,118.7,12-1990
936,119.0,01-1991
937,117.2,02-1991
938,116.2,03-1991
939,116.0,04-1991
940,116.5,05-1991
941,116.4,06-1991
942,116.1,07-1991
943,116.2,08-1991
944,116.1,09-1991
945,116.4,10-1991
946,116.4,11-1991
947,115.9,12-1991
948,115.6,01-1992
949,116.0,02-1992
950,116.1,03-1992
951,116.3,04-1992
952,117.2,05-1992
953,118.0,06-1992
954,117.9,07-1992
955,117.7,08-1992
956,118.0,09-1992
957,118.1,10-1992
958,117.8,11-1992
959,117.6,12-1992
960,118.0,01-1993
961,118.4,02-1993
962,118.7,03-1993
963,119.3,04-1993
964,119.7,05-1993
965,119.5,06-1993
966,119.2,07-1993
967,118.7,08-1993
968,118.7,09-1993
969,119.1,10-1993
970,119.0,11-1993
971,118.6,12-1993
972,119.1,01-1994
973,119.3,02-1994
974,119.7,03-1994
975,119.7,04-1994
976,119.9,05-1994
977,120.5,06-1994
978,120.7,07-1994
979,121.2,08-1994
980,121.0,09-1994
981,120.9,10-1994
982,121.5,11-1994
983,121.9,12-1994
984,122.9,01-1995
985,123.5,02-1995
986,123.9,03-1995
987,124.6,04-1995
988,124.9,05-1995
989,125.3,06-1995
990,125.3,07-1995
991,125.1,08-1995
992,125.2,09-1995
993,125.3,10-1995
994,125.4,11-1995
995,125.7,12-1995
996,126.3,01-1996
997,126.2,02-1996
998,126.4,03-1996
999,127.4,04-1996
1000,128.1,05-1996
1001,128.0,06-1996
1002,128.0,07-1996
1003,128.3,08-1996
1004,128.2,09-1996
1005,128.0,10-1996
1006,128.2,11-1996
1007,129.1,12-1996
1008,129.7,01-1997
1009,128.5,02-1997
1010,127.3,03-1997
1011,127.0,04-1997
1012,127.4,05-1997
1013,127.2,06-1997
1014,126.9,07-1997
1015,127.2,08-1997
1016,127.5,09-1997
1017,127.8,10-1997
1018,127.9,11-1997
1019,126.8,12-1997
1020,125.4,01-1998
1021,125.0,02-1998
1022,124.7,03-1998
1023,124.9,04-1998
1024,125.1,05-1998
1025,124.8,06-1998
1026,124.9,07-1998
1027,124.2,08-1998
1028,123.8,09-1998
1029,124.0,10-1998
1030,123.6,11-1998
1031,122.8,12-1998
1032,122.9,01-1999
1033,122.3,02-1999
1034,122.6,03-1999
1035,123.6,04-1999
1036,124.7,05-1999
1037,125.2,06-1999
1038,125.7,07-1999
1039,126.9,08-1999
1040,128.0,09-1999
1041,127.7,10-1999
1042,128.3,11-1999
1043,127.8,12-1999
1044,128.3,01-2000
1045,129.8,02-2000
1046,130.8,03-2000
1047,130.7,04-2000
1048,131.6,05-2000
1049,133.8,06-2000
1050,133.7,07-2000
1051,132.9,08-2000
1052,134.7,09-2000
1053,135.4,10-2000
1054,135.0,11-2000
1055,136.2,12-2000
1056,140.0,01-2001
1057,137.4,02-2001
1058,135.9,03-2001
1059,136.4,04-2001
1060,136.8,05-2001
1061,135.5,06-2001
1062,133.4,07-2001
1063,133.4,08-2001
1064,133.3,09-2001
1065,130.3,10-2001
1066,129.8,11-2001
1067,128.1,12-2001
1068,128.5,01-2002
1069,128.4,02-2002
1070,129.8,03-2002
1071,130.8,04-2002
1072,130.8,05-2002
1073,130.9,06-2002
1074,131.2,07-2002
1075,131.5,08-2002
1076,132.3,09-2002
1077,133.2,10-2002
1078,133.1,11-2002
1079,132.9,12-2002
1080,135.3,01-2003
1081,137.6,02-2003
1082,141.2,03-2003
1083,136.8,04-2003
1084,136.7,05-2003
1085,138.0,06-2003
1086,137.7,07-2003
1087,138.0,08-2003
1088,138.5,09-2003
1089,139.3,10-2003
1090,138.9,11-2003
1091,139.5,12-2003
1092,141.4,01-2004
1093,142.1,02-2004
1094,143.1,03-2004
1095,144.8,04-2004
1096,146.8,05-2004
1097,147.2,06-2004
1098,147.4,07-2004
1099,148.0,08-2004
1100,147.7,09-2004
1101,150.0,10-2004
1102,151.4,11-2004
1103,150.2,12-2004
1104,150.9,01-2005
1105,151.6,02-2005
1106,153.7,03-2005
1107,155.0,04-2005
1108,154.3,05-2005
1109,154.3,06-2005
1110,156.3,07-2005
1111,157.6,08-2005
1112,162.2,09-2005
1113,166.2,10-2005
1114,163.7,11-2005
1115,163.0,12-2005
1116,164.3,01-2006
1117,161.8,02-2006
1118,162.2,03-2006
1119,164.3,04-2006
1120,165.8,05-2006
1121,166.1,06-2006
1122,166.8,07-2006
1123,167.9,08-2006
1124,165.4,09-2006
1125,162.2,10-2006
1126,164.6,11-2006
1127,165.6,12-2006
1128,164.0,01-2007
1129,166.8,02-2007
1130,169.3,03-2007
1131,171.4,04-2007
1132,173.3,05-2007
1133,173.8,06-2007
1134,175.1,07-2007
1135,172.4,08-2007
1136,173.5,09-2007
1137,174.7,10-2007
1138,179.0,11-2007
1139,178.6,12-2007
1140,181.0,01-2008
1141,182.7,02-2008
1142,187.9,03-2008
1143,190.9,04-2008
1144,196.6,05-2008
1145,200.5,06-2008
1146,205.5,07-2008
1147,199.0,08-2008
1148,196.9,09-2008
1149,186.4,10-2008
1150,176.8,11-2008
1151,170.9,12-2008
1152,171.2,01-2009
1153,169.3,02-2009
1154,168.1,03-2009
1155,169.1,04-2009
1156,170.8,05-2009
1157,174.1,06-2009
1158,172.5,07-2009
1159,175.0,08-2009
1160,174.1,09-2009
1161,175.2,10-2009
1162,177.4,11-2009
1163,178.1,12-2009
1164,181.9,01-2010
1165,181.0,02-2010
1166,183.3,03-2010
1167,184.4,04-2010
1168,184.8,05-2010
1169,183.5,06-2010
1170,184.1,07-2010
1171,184.9,08-2010
1172,184.9,09-2010
1173,186.6,10-2010
1174,187.7,11-2010
1175,189.7,12-2010
1176,192.7,01-2011
1177,195.8,02-2011
1178,199.2,03-2011
1179,203.1,04-2011
1180,204.1,05-2011
1181,203.9,06-2011
1182,204.6,07-2011
1183,203.2,08-2011
1184,203.7,09-2011
1185,201.1,10-2011
1186,201.4,11-2011
1187,199.8,12-2011
1188,200.7,01-2012
1189,201.6,02-2012
1190,204.2,03-2012
1191,203.7,04-2012
1192,201.9,05-2012
1193,199.8,06-2012
1194,200.1,07-2012
1195,202.7,08-2012
1196,204.4,09-2012
1197,203.5,10-2012
1198,201.8,11-2012
1199,201.5,12-2012
1200,202.5,01-2013
1201,204.3,02-2013
1202,204.0,03-2013
1203,203.5,04-2013
1204,204.1,05-2013
1205,204.3,06-2013
1206,204.4,07-2013
1207,204.2,08-2013
1208,203.9,09-2013
1209,202.5,10-2013
1210,201.2,11-2013
1211,202.0,12-2013
1212,203.8,01-2014
1213,205.7,02-2014
1214,207.0,03-2014
1215,208.3,04-2014
1216,208.0,05-2014
1217,208.3,06-2014
1218,208.0,07-2014
1219,207.0,08-2014
1220,206.4,09-2014
1221,203.4,10-2014
1222,200.9,11-2014
1223,197.0,12-2014
1224,192.0,01-2015
1225,191.1,02-2015
1226,191.5,03-2015
1227,190.9,04-2015
1228,193.4,05-2015
1229,194.8,06-2015
1230,193.9,07-2015
1231,191.9,08-2015
1232,189.1,09-2015
1233,187.5,10-2015
1234,185.7,11-2015
1235,183.5,12-2015
1236,182.6,01-2016
1237,181.3,02-2016
1238,182.1,03-2016
1239,183.2,04-2016
1240,185.3,05-2016
1241,187.6,06-2016
1242,187.7,07-2016
1243,186.6,08-2016
1244,186.9,09-2016
1245,186.7,10-2016
1246,186.3,11-2016
1247,188.2,12-2016
1248,190.7,01-2017
1249,191.6,02-2017
1250,191.5,03-2017
1251,193.0,04-2017
1252,192.8,05-2017
1253,193.6,06-2017
1254,193.5,07-2017
1255,193.8,08-2017
1256,194.8,09-2017
1257,194.9,10-2017
1258,195.9,11-2017
1259,196.3,12-2017
1260,197.9,01-2018
1261,199.3,02-2018
1262,199.3,03-2018
1263,200.3,04-2018
1264,203.2,05-2018
1265,204.2,06-2018
1266,204.3,07-2018
1267,203.4,08-2018
1268,203.6,09-2018
1269,204.6,10-2018
1270,202.3,11-2018
1271,201.0,12-2018
1272,199.1,01-2019
1273,199.2,02-2019
1274,200.8,03-2019
1275,202.1,04-2019
1276,201.7,05-2019
1277,200.3,06-2019
1278,200.7,07-2019
1279,199.2,08-2019
1280,198.4,09-2019
1281,198.6,10-2019
1282,199.0,11-2019
1283,199.0,12-2019
1284,199.3,01-2020
1285,196.7,02-2020
1286,193.1,03-2020
1287,185.5,04-2020
1288,188.6,05-2020
1289,191.2,06-2020
1290,193.0,07-2020
1291,194.3,08-2020
1292,195.5,09-2020
1293,196.5,10-2020
1294,198.3,11-2020
1295,200.5,12-2020
1296,204.8,01-2021
1297,210.6,02-2021
1298,215.0,03-2021
1299,217.9,04-2021
1300,224.9,05-2021
1301,228.9,06-2021
1302,231.85,07-2021
1303,233.415,08-2021
1304,235.678,09-2021
1305,240.465,10-2021
1306,243.287,11-2021
1307,241.338,12-2021
1308,246.453,01-2022
1309,252.66,02-2022
1310,260.014,03-2022
1311,265.31,04-2022
1312,273.251,05-2022
1313,280.251,06-2022
1314,272.274,07-2022
1315,269.546,08-2022
1316,267.898,09-2022
1317,265.026,10-2022
1318,263.238,11-2022
1319,257.876,12-2022
1320,259.904,01-2023
